#i7name	i7seq
IDT8_i7_1	CTGATC
IDT8_i7_2	ACTCTC
IDT8_i7_3	TGAGCT
IDT8_i7_4	GAGACG
IDT8_i7_5	CTTGTC
IDT8_i7_6	TTCCAA
IDT8_i7_7	CGCATG
IDT8_i7_8	ACGGAA
IDT8_i7_9	CGGCTA
IDT8_i7_10	ATCGAT
IDT8_i7_11	GCAAGA
IDT8_i7_12	GCTATC
IDT8_i7_13	TACGCT
IDT8_i7_14	TGGACT
IDT8_i7_15	AGAGTA
IDT8_i7_16	ATCCAG
IDT8_i7_17	GACGAT
IDT8_i7_18	AACTGA
IDT8_i7_19	CTTAGG
IDT8_i7_20	GTGCCA
IDT8_i7_21	GAATCC
IDT8_i7_22	TCGCTG
IDT8_i7_23	TTCGTT
IDT8_i7_24	AAGCAC
IDT8_i7_25	CCTTGA
IDT8_i7_26	GTCGAA
IDT8_i7_27	ACCACG
IDT8_i7_28	GATTAC
IDT8_i7_29	GCACAA
IDT8_i7_30	GCGTCA
IDT8_i7_31	ATCCGG
IDT8_i7_32	CGTTGC
IDT8_i7_33	GTGAAG
IDT8_i7_34	CATGGC
IDT8_i7_35	ATGCCT
IDT8_i7_36	CAACAC
IDT8_i7_37	TGTGAC
IDT8_i7_38	GTCATC
IDT8_i7_39	AGCACT
IDT8_i7_40	GAAGGA
IDT8_i7_41	GTTGTT
IDT8_i7_42	CGGTTG
IDT8_i7_43	ACTGAG
IDT8_i7_44	TGAAGA
IDT8_i7_45	GTTACG
IDT8_i7_46	AGCGTG
IDT8_i7_47	GATCGA
IDT8_i7_48	ACAGCT
IDT8_i7_49	GAGCAG
IDT8_i7_50	AGTTCG
IDT8_i7_51	TTGCGA
IDT8_i7_52	ATCGCC
IDT8_i7_53	TGGCAT
IDT8_i7_54	CTGTTG
IDT8_i7_55	CATACC
IDT8_i7_56	GAAGTT
IDT8_i7_57	ATGACG
IDT8_i7_58	TTGGAC
IDT8_i7_59	AGTGGA
IDT8_i7_60	GATAGG
IDT8_i7_61	TGGTAG
IDT8_i7_62	CGCAAT
IDT8_i7_63	GATGTG
IDT8_i7_64	GATTGC
IDT8_i7_65	CGCTCT
IDT8_i7_66	TATCGG
IDT8_i7_67	AACGTC
IDT8_i7_68	ACGTTC
IDT8_i7_69	CAGTCC
IDT8_i7_70	TTGCAG
IDT8_i7_71	CAATGT
IDT8_i7_72	ACTCCA
IDT8_i7_73	GTTGAC
IDT8_i7_74	CGTGTG
IDT8_i7_75	ACGACT
IDT8_i7_76	CACTAG
IDT8_i7_77	ACTAGG
IDT8_i7_78	GTAGGA
IDT8_i7_79	CCTGAT
IDT8_i7_80	ATGCAC
IDT8_i7_81	CGACGT
IDT8_i7_82	TACGCC
IDT8_i7_83	CCGTAA
IDT8_i7_84	ATCACA
IDT8_i7_85	CACCTG
IDT8_i7_86	CTTCGA
IDT8_i7_87	TGCTTC
IDT8_i7_88	AGAACG
IDT8_i7_89	GTTCTC
IDT8_i7_90	TCAGGC
IDT8_i7_91	CCTTGT
IDT8_i7_92	GAACAT
IDT8_i7_93	TAACCG
IDT8_i7_94	AACCGT
IDT8_i7_95	TGGTAC
IDT8_i7_96	ATATGC
IDT8_i7_97	GCCTAT
IDT8_i7_98	CTTGGA
IDT8_i7_99	AGTCTC
IDT8_i7_100	CTCATC
IDT8_i7_101	TGTACC
IDT8_i7_102	AAGTCG
IDT8_i7_103	CACGTT
IDT8_i7_104	TCACAG
IDT8_i7_105	CTACTT
IDT8_i7_106	CCTCAG
IDT8_i7_107	TCCTAC
IDT8_i7_108	ATGGCG
IDT8_i7_109	CTTACC
IDT8_i7_110	CTCGAT
IDT8_i7_111	TCCGTG
IDT8_i7_112	TAGAGC
IDT8_i7_113	TGACTG
IDT8_i7_114	TAGACG
IDT8_i7_115	CCGGAA
IDT8_i7_116	CTCCTA
IDT8_i7_117	CAACGG
IDT8_i7_118	TGGCTA
IDT8_i7_119	CGGTCA
IDT8_i7_120	TCCAAT
IDT8_i7_121	GAGCTT
IDT8_i7_122	GAAGGT
IDT8_i7_123	ATCTCG
IDT8_i7_124	AGTTAC
IDT8_i7_125	GTGTCT
IDT8_i7_126	TGACTT
IDT8_i7_127	TGGATC
IDT8_i7_128	ACACCA
IDT8_i7_129	CAGGTT
IDT8_i7_130	AGTTGG
IDT8_i7_131	TCAACT
IDT8_i7_132	CTGCAC
IDT8_i7_133	ACACGG
IDT8_i7_134	AATACG
IDT8_i7_135	TGCGAA
IDT8_i7_136	GCTGAC
IDT8_i7_137	GTGGTG
IDT8_i7_138	GTGCTT
IDT8_i7_139	TCAAGG
IDT8_i7_140	TGAACC
IDT8_i7_141	AGTGTT
IDT8_i7_142	GTACTC
IDT8_i7_143	CCGTAT
IDT8_i7_144	CGAAGA
IDT8_i7_145	AGCGGA
IDT8_i7_146	GTGAGC
IDT8_i7_147	CGTGAT
IDT8_i7_148	TCGCAT
IDT8_i7_149	TGACGC
IDT8_i7_150	CCGATG
IDT8_i7_151	TTCGCA
IDT8_i7_152	ACGACA
IDT8_i7_153	AGCTTG
IDT8_i7_154	GAGTGG
IDT8_i7_155	GCTGTA
IDT8_i7_156	CCAAGA
IDT8_i7_157	ATTGCG
IDT8_i7_158	CTGAAG
IDT8_i7_159	TAACGA
IDT8_i7_160	TCGTCT
IDT8_i7_161	TTCCTG
IDT8_i7_162	CGTTGA
IDT8_i7_163	AGTCGC
IDT8_i7_164	TAGGTA
IDT8_i7_165	CAGGAG
IDT8_i7_166	CATCGT
IDT8_i7_167	TGTTGT
IDT8_i7_168	ACAGAC
IDT8_i7_169	GTCCTT
IDT8_i7_170	TGATAC
IDT8_i7_171	CTGTGT
IDT8_i7_172	AACGTG
IDT8_i7_173	GTTGCG
IDT8_i7_174	AACGAC
IDT8_i7_175	CGTATT
IDT8_i7_176	AGCAAG
IDT8_i7_177	TGTTCG
IDT8_i7_178	CTCCAT
IDT8_i7_179	CGTCTT
IDT8_i7_180	ATAAGG
IDT8_i7_181	TGTCTG
IDT8_i7_182	CGCTTA
IDT8_i7_183	GATCCA
IDT8_i7_184	ACCTCT
IDT8_i7_185	GCCACT
IDT8_i7_186	ACCTGA
IDT8_i7_187	GTTAAG
IDT8_i7_188	ATGCCA
IDT8_i7_189	AGAGGT
IDT8_i7_190	ACCATC
IDT8_i7_191	GTGGAT
IDT8_i7_192	CTGAGA
IDT8_i7_193	CTTCGT
IDT8_i7_194	GTCTAG
IDT8_i7_195	ACGTCG
IDT8_i7_196	GAGCTC
IDT8_i7_197	CGTGTA
IDT8_i7_198	CACTGA
IDT8_i7_199	TCGTAG
IDT8_i7_200	GCACGT
IDT8_i7_201	CAAGCA
IDT8_i7_202	ACATAG
IDT8_i7_203	TGTGGT
IDT8_i7_204	CACCAC
IDT8_i7_205	CTGCGT
IDT8_i7_206	ACGGTC
IDT8_i7_207	GATTGG
IDT8_i7_208	TGTCCA
IDT8_i7_209	CCAGTG
IDT8_i7_210	TGCACC
IDT8_i7_211	TTGACA
IDT8_i7_212	AGGCAT
IDT8_i7_213	TAGCCG
IDT8_i7_214	TTGTCG
IDT8_i7_215	CATCTA
IDT8_i7_216	GCATAC
IDT8_i7_217	ACAGCA
IDT8_i7_218	CTGGTT
IDT8_i7_219	TCGACA
IDT8_i7_220	AACCTC
IDT8_i7_221	CAGCGA
IDT8_i7_222	AGGTCA
IDT8_i7_223	GCAATT
IDT8_i7_224	GCTTCT
IDT8_i7_225	AACTGG
IDT8_i7_226	CGGAAT
IDT8_i7_227	GCTTCG
IDT8_i7_228	CAAGGT
IDT8_i7_229	AACCTT
IDT8_i7_230	CCATAC
IDT8_i7_231	TGGTCC
IDT8_i7_232	ACCGCA
IDT8_i7_233	CCTTCC
IDT8_i7_234	TACACG
IDT8_i7_235	TGCGTA
IDT8_i7_236	AAGAGC
IDT8_i7_237	ATGGAA
IDT8_i7_238	GCCAGT
IDT8_i7_239	CGTAGG
IDT8_i7_240	CGAGTA
IDT8_i7_241	CAAGTG
IDT8_i7_242	TCGAGT
IDT8_i7_243	CTACAG
IDT8_i7_244	GATCGT
IDT8_i7_245	CTTCAC
IDT8_i7_246	CTCAGC
IDT8_i7_247	TCTGCT
IDT8_i7_248	AACCGA
IDT8_i7_249	GCTGTT
IDT8_i7_250	TTACGG
IDT8_i7_251	GACAAG
IDT8_i7_252	AGGATC
IDT8_i7_253	GTAGCA
IDT8_i7_254	GTGTTC
IDT8_i7_255	AGGATG
IDT8_i7_256	TCACGT
IDT8_i7_257	GCGTTC
IDT8_i7_258	CTCTGG
IDT8_i7_259	TTAGGT
IDT8_i7_260	TCTGAG
IDT8_i7_261	TTCAGC
IDT8_i7_262	TCTCCG
IDT8_i7_263	CAGGTA
IDT8_i7_264	AGTCAG
IDT8_i7_265	AAGGCT
IDT8_i7_266	CGATGC
IDT8_i7_267	GTATTG
IDT8_i7_268	ACTGTG
IDT8_i7_269	TGCCTC
IDT8_i7_270	CAGTCT
IDT8_i7_271	CATAAC
IDT8_i7_272	ACTGCT
IDT8_i7_273	ATTCTG
IDT8_i7_274	TTCTCT
IDT8_i7_275	TCCGAG
IDT8_i7_276	CGAACT
IDT8_i7_277	AACGGT
IDT8_i7_278	AGCAGA
IDT8_i7_279	TATCAG
IDT8_i7_280	TCAGAC
IDT8_i7_281	ACCATG
IDT8_i7_282	CTAACT
IDT8_i7_283	GCTTAG
IDT8_i7_284	CATGGA
IDT8_i7_285	TAGGAT
IDT8_i7_286	GTTCAT
IDT8_i7_287	TCGTGG
IDT8_i7_288	ACCTTC
IDT8_i7_289	CATTGC
IDT8_i7_290	CTAGGT
IDT8_i7_291	TCCGTA
IDT8_i7_292	ACGATG
IDT8_i7_293	GTCGGT
IDT8_i7_294	TCGAAG
IDT8_i7_295	AGAAGC
IDT8_i7_296	CTCTAC
IDT8_i7_297	CTAGGC
IDT8_i7_298	TGGAGT
IDT8_i7_299	GAGGAC
IDT8_i7_300	CAATCG
IDT8_i7_301	TCTAAC
IDT8_i7_302	TCTCGC
IDT8_i7_303	ATCGGT
IDT8_i7_304	GAGATA
IDT8_i7_305	GTCTCC
IDT8_i7_306	AGTCGA
IDT8_i7_307	CGGATT
IDT8_i7_308	CACAAG
IDT8_i7_309	TACATC
IDT8_i7_310	AGCTCC
IDT8_i7_311	ACTCGT
IDT8_i7_312	CTGACA
IDT8_i7_313	CAACCT
IDT8_i7_314	AAGGAC
IDT8_i7_315	TGCAGG
IDT8_i7_316	ACCTAA
IDT8_i7_317	AGTCTG
IDT8_i7_318	AGGTTC
IDT8_i7_319	GACTAT
IDT8_i7_320	TTCAGG
IDT8_i7_321	TGTGCG
IDT8_i7_322	CGAGAC
IDT8_i7_323	CTCAGA
IDT8_i7_324	GCCATA
IDT8_i7_325	TTACCG
IDT8_i7_326	GCTCTG
IDT8_i7_327	CGTTAT
IDT8_i7_328	GTCTGA
IDT8_i7_329	TAGTTG
IDT8_i7_330	TGATCG
IDT8_i7_331	CCAAGT
IDT8_i7_332	CCTACT
IDT8_i7_333	CTTGCT
IDT8_i7_334	TGCCAT
IDT8_i7_335	TTGATC
IDT8_i7_336	AGTGCA
IDT8_i7_337	GACTTA
IDT8_i7_338	CGTACG
IDT8_i7_339	TACCAG
IDT8_i7_340	CGTCAA
IDT8_i7_341	GAAGAG
IDT8_i7_342	GACGAA
IDT8_i7_343	AGGAGG
IDT8_i7_344	CTTACA
IDT8_i7_345	GAGATG
IDT8_i7_346	TACGGT
IDT8_i7_347	CTATCG
IDT8_i7_348	TCGAAC
IDT8_i7_349	GAACGC
IDT8_i7_350	CAGAAT
IDT8_i7_351	ATGGTT
IDT8_i7_352	GCTGGA
IDT8_i7_353	GATGCA
IDT8_i7_354	ACCAAT
IDT8_i7_355	GTCCTA
IDT8_i7_356	CCGACT
IDT8_i7_357	TTGGTC
IDT8_i7_358	GCCTTG
IDT8_i7_359	GATACT
IDT8_i7_360	ATTCGA
IDT8_i7_361	GTCAGT
IDT8_i7_362	GTAGAG
IDT8_i7_363	ACGTGA
IDT8_i7_364	TAAGTG
IDT8_i7_365	TGTGAA
IDT8_i7_366	CATTCG
IDT8_i7_367	TTGGTG
IDT8_i7_368	CAGTTC
IDT8_i7_369	AGGCTT
IDT8_i7_370	GAATCG
IDT8_i7_371	ACCAGC
IDT8_i7_372	CTCATT
IDT8_i7_373	CGATAG
IDT8_i7_374	TGGAGA
IDT8_i7_375	GTATGC
IDT8_i7_376	CTGGAG
IDT8_i7_377	AATGCC
IDT8_i7_378	TGAGGT
IDT8_i7_379	ACATTG
IDT8_i7_380	TCTCTA
IDT8_i7_381	CGCTAG
IDT8_i7_382	AATGGA
IDT8_i7_383	GATAGC
IDT8_i7_384	CGACCA
