#i7name	i7seq	i5name	i5seq
IDT8_i7_1	CTGATCGT	IDT8_I5_1	GCGCATAT
IDT8_i7_2	ACTCTCGA	IDT8_I5_2	CTGTACCA
IDT8_i7_3	TGAGCTAG	IDT8_I5_3	GAACGGTT
IDT8_i7_4	GAGACGAT	IDT8_I5_4	ACCGGTTA
IDT8_i7_5	CTTGTCGA	IDT8_I5_5	CGATGTTC
IDT8_i7_6	TTCCAAGG	IDT8_I5_6	CTACAAGG
IDT8_i7_7	CGCATGAT	IDT8_I5_7	AAGCCTGA
IDT8_i7_8	ACGGAACA	IDT8_I5_8	ACGAGAAC
IDT8_i7_9	CGGCTAAT	IDT8_I5_9	CTCGTTCT
IDT8_i7_10	ATCGATCG	IDT8_I5_10	TGGAAGCA
IDT8_i7_11	GCAAGATC	IDT8_I5_11	AGTCGAAG
IDT8_i7_12	GCTATCCT	IDT8_I5_12	AACAGGTG
IDT8_i7_13	TACGCTAC	IDT8_I5_13	CGTGTGAT
IDT8_i7_14	TGGACTCT	IDT8_I5_14	TCTTACGG
IDT8_i7_15	AGAGTAGC	IDT8_I5_15	AAGGCGTA
IDT8_i7_16	ATCCAGAG	IDT8_I5_16	TAACGTCG
IDT8_i7_17	GACGATCT	IDT8_I5_17	TCGTGCAT
IDT8_i7_18	AACTGAGC	IDT8_I5_18	CAATCAGG
IDT8_i7_19	CTTAGGAC	IDT8_I5_19	ACTCCTAC
IDT8_i7_20	GTGCCATA	IDT8_I5_20	CTCCTAGT
IDT8_i7_21	GAATCCGA	IDT8_I5_21	AGCTAGTG
IDT8_i7_22	TCGCTGTT	IDT8_I5_22	CAAGTCGT
IDT8_i7_23	TTCGTTGG	IDT8_I5_23	TACACACG
IDT8_i7_24	AAGCACTG	IDT8_I5_24	AGGTCAAC
IDT8_i7_25	CCTTGATC	IDT8_I5_25	GATGGAGT
IDT8_i7_26	GTCGAAGA	IDT8_I5_26	CCACATTG
IDT8_i7_27	ACCACGAT	IDT8_I5_27	GTCTGCAA
IDT8_i7_28	GATTACCG	IDT8_I5_28	TTGGACTG
IDT8_i7_29	GCACAACT	IDT8_I5_29	CTGAACGT
IDT8_i7_30	GCGTCATT	IDT8_I5_30	CAGACGTT
IDT8_i7_31	ATCCGGTA	IDT8_I5_31	GACCGATA
IDT8_i7_32	CGTTGCAA	IDT8_I5_32	ATAGAGCG
IDT8_i7_33	GTGAAGTG	IDT8_I5_33	GAGCAATC
IDT8_i7_34	CATGGCTA	IDT8_I5_34	CACACATC
IDT8_i7_35	ATGCCTGT	IDT8_I5_35	AGATTGCG
IDT8_i7_36	CAACACCT	IDT8_I5_36	AGCTACCA
IDT8_i7_37	TGTGACTG	IDT8_I5_37	AGCCTATC
IDT8_i7_38	GTCATCGA	IDT8_I5_38	GATCCACT
IDT8_i7_39	AGCACTTC	IDT8_I5_39	ACGTCCAA
IDT8_i7_40	GAAGGAAG	IDT8_I5_40	GACGTCAT
IDT8_i7_41	GTTGTTCG	IDT8_I5_41	CCAACTTC
IDT8_i7_42	CGGTTGTT	IDT8_I5_42	GTGGTATG
IDT8_i7_43	ACTGAGGT	IDT8_I5_43	GTCAACAG
IDT8_i7_44	TGAAGACG	IDT8_I5_44	ACATGCCA
IDT8_i7_45	GTTACGCA	IDT8_I5_45	ATGGCGAT
IDT8_i7_46	AGCGTGTT	IDT8_I5_46	CTTCGCAA
IDT8_i7_47	GATCGAGT	IDT8_I5_47	GACGAACT
IDT8_i7_48	ACAGCTCA	IDT8_I5_48	TACTGCTC
IDT8_i7_49	GAGCAGTA	IDT8_I5_49	TGAGCTGT
IDT8_i7_50	AGTTCGTC	IDT8_I5_50	ACTCGATC
IDT8_i7_51	TTGCGAAG	IDT8_I5_51	AACACGCT
IDT8_i7_52	ATCGCCAT	IDT8_I5_52	TGCGTAAC
IDT8_i7_53	TGGCATGT	IDT8_I5_53	CGTCTTCA
IDT8_i7_54	CTGTTGAC	IDT8_I5_54	ACCTCAGT
IDT8_i7_55	CATACCAC	IDT8_I5_55	AACAACCG
IDT8_i7_56	GAAGTTGG	IDT8_I5_56	CGAACAAC
IDT8_i7_57	ATGACGTC	IDT8_I5_57	CTTCCTTC
IDT8_i7_58	TTGGACGT	IDT8_I5_58	GAAGTGCT
IDT8_i7_59	AGTGGATC	IDT8_I5_59	TCGATGAC
IDT8_i7_60	GATAGGCT	IDT8_I5_60	CAGTCACA
IDT8_i7_61	TGGTAGCT	IDT8_I5_61	AGGTGTTG
IDT8_i7_62	CGCAATCT	IDT8_I5_62	ACAGGCAT
IDT8_i7_63	GATGTGTG	IDT8_I5_63	TAGCCATG
IDT8_i7_64	GATTGCTC	IDT8_I5_64	CACTTCAC
IDT8_i7_65	CGCTCTAT	IDT8_I5_65	TTGCAACG
IDT8_i7_66	TATCGGTC	IDT8_I5_66	TACCGGAT
IDT8_i7_67	AACGTCTG	IDT8_I5_67	AATGACGC
IDT8_i7_68	ACGTTCAG	IDT8_I5_68	AGTTGTGC
IDT8_i7_69	CAGTCCAA	IDT8_I5_69	CGGTAATC
IDT8_i7_70	TTGCAGAC	IDT8_I5_70	ATCGTGGT
IDT8_i7_71	CAATGTGG	IDT8_I5_71	TCTTCGAC
IDT8_i7_72	ACTCCATC	IDT8_I5_72	GATCAAGG
IDT8_i7_73	GTTGACCT	IDT8_I5_73	CAGTGCTT
IDT8_i7_74	CGTGTGTA	IDT8_I5_74	CCAACGAA
IDT8_i7_75	ACGACTTG	IDT8_I5_75	AACAGCGA
IDT8_i7_76	CACTAGCT	IDT8_I5_76	TCGGATTC
IDT8_i7_77	ACTAGGAG	IDT8_I5_77	TATGGCAC
IDT8_i7_78	GTAGGAGT	IDT8_I5_78	GTCCTAAG
IDT8_i7_79	CCTGATTG	IDT8_I5_79	GCTCAGTT
IDT8_i7_80	ATGCACGA	IDT8_I5_80	AGATCGTC
IDT8_i7_81	CGACGTTA	IDT8_I5_81	CTCTGGAT
IDT8_i7_82	TACGCCTT	IDT8_I5_82	GCTACTCT
IDT8_i7_83	CCGTAAGA	IDT8_I5_83	AGAGTCCA
IDT8_i7_84	ATCACACG	IDT8_I5_84	GTAGCGTA
IDT8_i7_85	CACCTGTT	IDT8_I5_85	AGGATAGC
IDT8_i7_86	CTTCGACT	IDT8_I5_86	GATCTTGC
IDT8_i7_87	TGCTTCCA	IDT8_I5_87	CGATCGAT
IDT8_i7_88	AGAACGAG	IDT8_I5_88	ATTAGCCG
IDT8_i7_89	GTTCTCGT	IDT8_I5_89	TGTTCCGT
IDT8_i7_90	TCAGGCTT	IDT8_I5_90	ATCATGCG
IDT8_i7_91	CCTTGTAG	IDT8_I5_91	CCTTGGAA
IDT8_i7_92	GAACATCG	IDT8_I5_92	TCGACAAG
IDT8_i7_93	TAACCGGT	IDT8_I5_93	ATCGTCTC
IDT8_i7_94	AACCGTTC	IDT8_I5_94	CTAGCTCA
IDT8_i7_95	TGGTACAG	IDT8_I5_95	TCGAGAGT
IDT8_i7_96	ATATGCGC	IDT8_I5_96	ACGATCAG
IDT8_i7_97	GCCTATCA	IDT8_I5_97	AATGGTCG
IDT8_i7_98	CTTGGATG	IDT8_I5_98	TCGCTATC
IDT8_i7_99	AGTCTCAC	IDT8_I5_99	CGTCCATT
IDT8_i7_100	CTCATCAG	IDT8_I5_100	TACTAGCG
IDT8_i7_101	TGTACCGT	IDT8_I5_101	CCTAGAGA
IDT8_i7_102	AAGTCGAG	IDT8_I5_102	CGCAATGT
IDT8_i7_103	CACGTTGT	IDT8_I5_103	ACACCTCA
IDT8_i7_104	TCACAGCA	IDT8_I5_104	GAGGCATT
IDT8_i7_105	CTACTTGG	IDT8_I5_105	TACTCCAG
IDT8_i7_106	CCTCAGTT	IDT8_I5_106	CAGCATAC
IDT8_i7_107	TCCTACCT	IDT8_I5_107	ACTCTCCA
IDT8_i7_108	ATGGCGAA	IDT8_I5_108	CTCTATCG
IDT8_i7_109	CTTACCTG	IDT8_I5_109	GCAATGAG
IDT8_i7_110	CTCGATAC	IDT8_I5_110	AAGCTGGT
IDT8_i7_111	TCCGTGAA	IDT8_I5_111	CACGATTC
IDT8_i7_112	TAGAGCTC	IDT8_I5_112	AGAAGCCT
IDT8_i7_113	TGACTGAC	IDT8_I5_113	CAGAACTG
IDT8_i7_114	TAGACGTG	IDT8_I5_114	CTCACCAA
IDT8_i7_115	CCGGAATT	IDT8_I5_115	ACCGAATG
IDT8_i7_116	CTCCTAGA	IDT8_I5_116	GCTTCACA
IDT8_i7_117	CAACGGAT	IDT8_I5_117	GCCACTTA
IDT8_i7_118	TGGCTATC	IDT8_I5_118	CATCACGT
IDT8_i7_119	CGGTCATA	IDT8_I5_119	TGCTCTAC
IDT8_i7_120	TCCAATCG	IDT8_I5_120	CAACTGAC
IDT8_i7_121	GAGCTTGT	IDT8_I5_121	CCTCGAAT
IDT8_i7_122	GAAGGTTC	IDT8_I5_122	CCAGTATC
IDT8_i7_123	ATCTCGCT	IDT8_I5_123	AACAAGGC
IDT8_i7_124	AGTTACGG	IDT8_I5_124	GAGACCAA
IDT8_i7_125	GTGTCTGA	IDT8_I5_125	ATAGTCGG
IDT8_i7_126	TGACTTCG	IDT8_I5_126	CTTAGGAC
IDT8_i7_127	TGGATCAC	IDT8_I5_127	GCATTGGT
IDT8_i7_128	ACACCAGT	IDT8_I5_128	AGTGCATC
IDT8_i7_129	CAGGTTAG	IDT8_I5_129	AATCCAGC
IDT8_i7_130	AGTTGGCT	IDT8_I5_130	GCAACCAT
IDT8_i7_131	TCAACTGG	IDT8_I5_131	CGATTCTG
IDT8_i7_132	CTGCACTT	IDT8_I5_132	AAGCGTTC
IDT8_i7_133	ACACGGTT	IDT8_I5_133	TGGTTCGA
IDT8_i7_134	AATACGCG	IDT8_I5_134	TGCGATAG
IDT8_i7_135	TGCGAACT	IDT8_I5_135	CAACCGTA
IDT8_i7_136	GCTGACTA	IDT8_I5_136	GACATCTC
IDT8_i7_137	GTGGTGTT	IDT8_I5_137	GCTGTAAG
IDT8_i7_138	GTGCTTAC	IDT8_I5_138	TTCCTCCT
IDT8_i7_139	TCAAGGAC	IDT8_I5_139	CATTCGTC
IDT8_i7_140	TGAACCTG	IDT8_I5_140	ACCTCTTC
IDT8_i7_141	AGTGTTGG	IDT8_I5_141	CATTGACG
IDT8_i7_142	GTACTCTC	IDT8_I5_142	TCCTGGTA
IDT8_i7_143	CCGTATCT	IDT8_I5_143	TTCGTACG
IDT8_i7_144	CGAAGAAC	IDT8_I5_144	CCTAAGTC
IDT8_i7_145	AGCGGAAT	IDT8_I5_145	ACTGCACT
IDT8_i7_146	GTGAGCTT	IDT8_I5_146	CGGATCAA
IDT8_i7_147	CGTGATCA	IDT8_I5_147	GAATGGCA
IDT8_i7_148	TCGCATTG	IDT8_I5_148	ACAGCAAG
IDT8_i7_149	TGACGCAT	IDT8_I5_149	TCAGTAGG
IDT8_i7_150	CCGATGTA	IDT8_I5_150	CAACTTGG
IDT8_i7_151	TTCGCAGT	IDT8_I5_151	TCCGATCA
IDT8_i7_152	ACGACAGA	IDT8_I5_152	CGCAACTA
IDT8_i7_153	AGCTTGAG	IDT8_I5_153	GATCAGAC
IDT8_i7_154	GAGTGGTT	IDT8_I5_154	GCATAACG
IDT8_i7_155	GCTGTAAG	IDT8_I5_155	TACAGAGC
IDT8_i7_156	CCAAGACT	IDT8_I5_156	CTCGGTAA
IDT8_i7_157	ATTGCGTG	IDT8_I5_157	GTTATGGC
IDT8_i7_158	CTGAAGCT	IDT8_I5_158	ACTCTGAG
IDT8_i7_159	TAACGAGG	IDT8_I5_159	TAGTCTCG
IDT8_i7_160	TCGTCTCA	IDT8_I5_160	AACGCACA
IDT8_i7_161	TTCCTGTG	IDT8_I5_161	CTCCTGAA
IDT8_i7_162	CGTTGAGT	IDT8_I5_162	GCATAGTC
IDT8_i7_163	AGTCGCTT	IDT8_I5_163	TCGAACCT
IDT8_i7_164	TAGGTAGG	IDT8_I5_164	CACAGACT
IDT8_i7_165	CAGGAGAT	IDT8_I5_165	CCTTAGGT
IDT8_i7_166	CATCGTGA	IDT8_I5_166	TACCTGCA
IDT8_i7_167	TGTTGTGG	IDT8_I5_167	GTGTCCTT
IDT8_i7_168	ACAGACCT	IDT8_I5_168	CTAGGTTG
IDT8_i7_169	GTCCTTCT	IDT8_I5_169	TGTGTCAG
IDT8_i7_170	TGATACGC	IDT8_I5_170	CAACGAGT
IDT8_i7_171	CTGTGTTG	IDT8_I5_171	TAGGAGCT
IDT8_i7_172	AACGTGGA	IDT8_I5_172	CCGATGTA
IDT8_i7_173	GTTGCGAT	IDT8_I5_173	GACTTGTG
IDT8_i7_174	AACGACGT	IDT8_I5_174	TCAATCCG
IDT8_i7_175	CGTATTCG	IDT8_I5_175	TGTCGACT
IDT8_i7_176	AGCAAGCA	IDT8_I5_176	AAGGAGAC
IDT8_i7_177	TGTTCGAG	IDT8_I5_177	CGTATCTC
IDT8_i7_178	CTCCATGT	IDT8_I5_178	ACACCGAT
IDT8_i7_179	CGTCTTGT	IDT8_I5_179	TTGCGAGA
IDT8_i7_180	ATAAGGCG	IDT8_I5_180	GCGTTAGA
IDT8_i7_181	TGTCTGCT	IDT8_I5_181	GTCGATTG
IDT8_i7_182	CGCTTAAC	IDT8_I5_182	AAGTCCTC
IDT8_i7_183	GATCCATG	IDT8_I5_183	CAACTCCA
IDT8_i7_184	ACCTCTGT	IDT8_I5_184	ATGCCTAG
IDT8_i7_185	GCCACTTA	IDT8_I5_185	GAGTAGAG
IDT8_i7_186	ACCTGACT	IDT8_I5_186	ACGCTTCT
IDT8_i7_187	GTTAAGGC	IDT8_I5_187	ACCTTCGA
IDT8_i7_188	ATGCCAAC	IDT8_I5_188	TTACCGAC
IDT8_i7_189	AGAGGTTG	IDT8_I5_189	GTCATCGT
IDT8_i7_190	ACCATCCA	IDT8_I5_190	CATACGGA
IDT8_i7_191	GTGGATAG	IDT8_I5_191	TCACCTAG
IDT8_i7_192	CTGAGATC	IDT8_I5_192	AGGCAATG
IDT8_i7_193	CTTCGTTC	IDT8_I5_193	GAGAAGGT
IDT8_i7_194	GTCTAGGT	IDT8_I5_194	ATCCACGA
IDT8_i7_195	ACGTCGTA	IDT8_I5_195	CCATGAAC
IDT8_i7_196	GAGCTCAA	IDT8_I5_196	GCATCCTA
IDT8_i7_197	CGTGTACT	IDT8_I5_197	GTTCCATG
IDT8_i7_198	CACTGACA	IDT8_I5_198	AGCTAAGC
IDT8_i7_199	TCGTAGTC	IDT8_I5_199	CGAGTTAG
IDT8_i7_200	GCACGTAA	IDT8_I5_200	CACATGGT
IDT8_i7_201	CAAGCAGT	IDT8_I5_201	TCGTCTGA
IDT8_i7_202	ACATAGGC	IDT8_I5_202	CGCTGATA
IDT8_i7_203	TGTGGTAC	IDT8_I5_203	CATCTGCT
IDT8_i7_204	CACCACTA	IDT8_I5_204	TGACCGTT
IDT8_i7_205	CTGCGTAT	IDT8_I5_205	ACAGTTCG
IDT8_i7_206	ACGGTCTT	IDT8_I5_206	AACTCGGA
IDT8_i7_207	GATTGGAG	IDT8_I5_207	CGAGAGAA
IDT8_i7_208	TGTCCAGA	IDT8_I5_208	GCCAGAAT
IDT8_i7_209	CCAGTGTT	IDT8_I5_209	CTAGCAGT
IDT8_i7_210	TGCACCAA	IDT8_I5_210	CCGTTATG
IDT8_i7_211	TTGACAGG	IDT8_I5_211	GAAGACTG
IDT8_i7_212	AGGCATAG	IDT8_I5_212	AAGAGGCA
IDT8_i7_213	TAGCCGAA	IDT8_I5_213	GACACAGT
IDT8_i7_214	TTGTCGGT	IDT8_I5_214	GCCAATAC
IDT8_i7_215	CATCTACG	IDT8_I5_215	AAGCATCG
IDT8_i7_216	GCATACAG	IDT8_I5_216	TCAGCCTT
IDT8_i7_217	ACAGCAAC	IDT8_I5_217	TCCTGACT
IDT8_i7_218	CTGGTTCT	IDT8_I5_218	GATACCTG
IDT8_i7_219	TCGACATC	IDT8_I5_219	ATCGGAGA
IDT8_i7_220	AACCTCCT	IDT8_I5_220	AGGCTGAA
IDT8_i7_221	CAGCGATT	IDT8_I5_221	CTCTCAGA
IDT8_i7_222	AGGTCACT	IDT8_I5_222	CGACCTAA
IDT8_i7_223	GCAATTCG	IDT8_I5_223	AACCAGAG
IDT8_i7_224	GCTTCTTG	IDT8_I5_224	TAGAACGC
IDT8_i7_225	AACTGGTG	IDT8_I5_225	GAACGTGA
IDT8_i7_226	CGGAATAC	IDT8_I5_226	ACCATCCT
IDT8_i7_227	GCTTCGAA	IDT8_I5_227	AGGAACAC
IDT8_i7_228	CAAGGTCT	IDT8_I5_228	GATGCTAC
IDT8_i7_229	AACCTTGG	IDT8_I5_229	CAGATCCT
IDT8_i7_230	CCATACGT	IDT8_I5_230	CTCTTGTC
IDT8_i7_231	TGGTCCTT	IDT8_I5_231	AGCCGTAA
IDT8_i7_232	ACCGCATA	IDT8_I5_232	ACAACAGC
IDT8_i7_233	CCTTCCTT	IDT8_I5_233	CTTCGGTT
IDT8_i7_234	TACACGCT	IDT8_I5_234	AGAGCAGA
IDT8_i7_235	TGCGTAGA	IDT8_I5_235	TAGCTGAG
IDT8_i7_236	AAGAGCCA	IDT8_I5_236	TGGTGAAG
IDT8_i7_237	ATGGAAGG	IDT8_I5_237	GTACGATC
IDT8_i7_238	GCCAGTAT	IDT8_I5_238	CACTGTAG
IDT8_i7_239	CGTAGGTT	IDT8_I5_239	TCACTCGA
IDT8_i7_240	CGAGTATG	IDT8_I5_240	TGCACTTG
IDT8_i7_241	CAAGTGCA	IDT8_I5_241	CATACTCG
IDT8_i7_242	TCGAGTGA	IDT8_I5_242	AACCTACG
IDT8_i7_243	CTACAGTG	IDT8_I5_243	ATACTGGC
IDT8_i7_244	GATCGTAC	IDT8_I5_244	CCTTCCAT
IDT8_i7_245	CTTCACCA	IDT8_I5_245	TGGCTCTT
IDT8_i7_246	CTCAGCTA	IDT8_I5_246	TCTACGCA
IDT8_i7_247	TCTGCTCT	IDT8_I5_247	AGCGTGTA
IDT8_i7_248	AACCGAAG	IDT8_I5_248	AAGGAAGG
IDT8_i7_249	GCTGTTGT	IDT8_I5_249	TATGCGGT
IDT8_i7_250	TTACGGCT	IDT8_I5_250	AAGGACCA
IDT8_i7_251	GACAAGAG	IDT8_I5_251	ACGTATGG
IDT8_i7_252	AGGATCTG	IDT8_I5_252	CCAAGGTT
IDT8_i7_253	GTAGCATC	IDT8_I5_253	AGACCTTG
IDT8_i7_254	GTGTTCCT	IDT8_I5_254	TTCGAAGC
IDT8_i7_255	AGGATGGT	IDT8_I5_255	GTATTCCG
IDT8_i7_256	TCACGTTC	IDT8_I5_256	CACCAGTT
IDT8_i7_257	GCGTTCTA	IDT8_I5_257	CAAGAAGC
IDT8_i7_258	CTCTGGTT	IDT8_I5_258	CGAATTGC
IDT8_i7_259	TTAGGTCG	IDT8_I5_259	AGTGACCT
IDT8_i7_260	TCTGAGAG	IDT8_I5_260	AATCGCTG
IDT8_i7_261	TTCAGCCT	IDT8_I5_261	AGGAGGTT
IDT8_i7_262	TCTCCGAT	IDT8_I5_262	GATGTCGA
IDT8_i7_263	CAGGTATC	IDT8_I5_263	AGAACCAG
IDT8_i7_264	AGTCAGGA	IDT8_I5_264	GTTGCTGT
IDT8_i7_265	AAGGCTGA	IDT8_I5_265	CTGTATGC
IDT8_i7_266	CGATGCTT	IDT8_I5_266	CGTAGATG
IDT8_i7_267	GTATTGGC	IDT8_I5_267	ACCGACAA
IDT8_i7_268	ACTGTGTC	IDT8_I5_268	TTCGGCTA
IDT8_i7_269	TGCCTCTT	IDT8_I5_269	CTATGCCT
IDT8_i7_270	CAGTCTTC	IDT8_I5_270	CCTGTCAA
IDT8_i7_271	CATAACGG	IDT8_I5_271	TTGGTGCA
IDT8_i7_272	ACTGCTAG	IDT8_I5_272	AACACTGG
IDT8_i7_273	ATTCTGGC	IDT8_I5_273	TCTGGACA
IDT8_i7_274	TTCTCTCG	IDT8_I5_274	CTCCAATC
IDT8_i7_275	TCCGAGTT	IDT8_I5_275	AAGACCGT
IDT8_i7_276	CGAACTGT	IDT8_I5_276	ATACGCAG
IDT8_i7_277	AACGGTCA	IDT8_I5_277	TAGTGGTG
IDT8_i7_278	AGCAGATG	IDT8_I5_278	GTACCACA
IDT8_i7_279	TATCAGCG	IDT8_I5_279	GCCTATGT
IDT8_i7_280	TCAGACGA	IDT8_I5_280	ACTGCTTG
IDT8_i7_281	ACCATGTG	IDT8_I5_281	TTACGTGC
IDT8_i7_282	CTAACTCG	IDT8_I5_282	GACTACGA
IDT8_i7_283	GCTTAGCT	IDT8_I5_283	TGTCAGTG
IDT8_i7_284	CATGGAAC	IDT8_I5_284	AGTACACG
IDT8_i7_285	TAGGATGC	IDT8_I5_285	TTGAGCTC
IDT8_i7_286	GTTCATGG	IDT8_I5_286	TACGACGT
IDT8_i7_287	TCGTGGAT	IDT8_I5_287	ACCTAGAC
IDT8_i7_288	ACCTTCTC	IDT8_I5_288	GAACGAAG
IDT8_i7_289	CATTGCCT	IDT8_I5_289	GATCTCAG
IDT8_i7_290	CTAGGTGA	IDT8_I5_290	CTATCCAC
IDT8_i7_291	TCCGTATG	IDT8_I5_291	TGGATGGT
IDT8_i7_292	ACGATGAC	IDT8_I5_292	CAACCTCT
IDT8_i7_293	GTCGGTAA	IDT8_I5_293	GTTGGCAT
IDT8_i7_294	TCGAAGGT	IDT8_I5_294	GCCTTAAC
IDT8_i7_295	AGAAGCGT	IDT8_I5_295	AGTCAGGT
IDT8_i7_296	CTCTACTC	IDT8_I5_296	TAAGTGGC
IDT8_i7_297	CTAGGCAT	IDT8_I5_297	ACAGAGGT
IDT8_i7_298	TGGAGTTG	IDT8_I5_298	CATGGATC
IDT8_i7_299	GAGGACTT	IDT8_I5_299	GTTAAGCG
IDT8_i7_300	CAATCGAC	IDT8_I5_300	AGCAGACA
IDT8_i7_301	TCTAACGC	IDT8_I5_301	CGCCTTAT
IDT8_i7_302	TCTCGCAA	IDT8_I5_302	ACAAGACG
IDT8_i7_303	ATCGGTGT	IDT8_I5_303	ACATGGAG
IDT8_i7_304	GAGATACG	IDT8_I5_304	CTCGAACA
IDT8_i7_305	GTCTCCTT	IDT8_I5_305	TGCTTGCT
IDT8_i7_306	AGTCGACA	IDT8_I5_306	CGAATACG
IDT8_i7_307	CGGATTGA	IDT8_I5_307	ACGTCGTT
IDT8_i7_308	CACAAGTC	IDT8_I5_308	ATCGCAAC
IDT8_i7_309	TACATCGG	IDT8_I5_309	TCCACGTT
IDT8_i7_310	AGCTCCTA	IDT8_I5_310	CAACACAG
IDT8_i7_311	ACTCGTTG	IDT8_I5_311	GCGTATCA
IDT8_i7_312	CTGACACA	IDT8_I5_312	AGAAGGAC
IDT8_i7_313	CAACCTAG	IDT8_I5_313	AGGTCTGT
IDT8_i7_314	AAGGACAC	IDT8_I5_314	CCACAACA
IDT8_i7_315	TGCAGGTA	IDT8_I5_315	TCACGATG
IDT8_i7_316	ACCTAAGG	IDT8_I5_316	ATCTCCTG
IDT8_i7_317	AGTCTGTG	IDT8_I5_317	CCTACCTA
IDT8_i7_318	AGGTTCGA	IDT8_I5_318	AAGCGACT
IDT8_i7_319	GACTATGC	IDT8_I5_319	ACTCAACG
IDT8_i7_320	TTCAGGAG	IDT8_I5_320	CACAGGAA
IDT8_i7_321	TGTGCGTT	IDT8_I5_321	TGAGACGA
IDT8_i7_322	CGAGACTA	IDT8_I5_322	CCTCGTTA
IDT8_i7_323	CTCAGAGT	IDT8_I5_323	AGCTTCAG
IDT8_i7_324	GCCATAAC	IDT8_I5_324	CACGCAAT
IDT8_i7_325	TTACCGAG	IDT8_I5_325	AGTCTTGG
IDT8_i7_326	GCTCTGTA	IDT8_I5_326	CTTACAGC
IDT8_i7_327	CGTTATGC	IDT8_I5_327	AACCACTC
IDT8_i7_328	GTCTGATC	IDT8_I5_328	CTCAAGCT
IDT8_i7_329	TAGTTGCG	IDT8_I5_329	TCTGTCGT
IDT8_i7_330	TGATCGGA	IDT8_I5_330	ACTGCGAA
IDT8_i7_331	CCAAGTTG	IDT8_I5_331	TACATCGG
IDT8_i7_332	CCTACTGA	IDT8_I5_332	ATGCGTCA
IDT8_i7_333	CTTGCTGT	IDT8_I5_333	CAATGCGA
IDT8_i7_334	TGCCATTC	IDT8_I5_334	TGATCACG
IDT8_i7_335	TTGATCCG	IDT8_I5_335	AAGCTCAC
IDT8_i7_336	AGTGCAGT	IDT8_I5_336	ATTCCGCT
IDT8_i7_337	GACTTAGG	IDT8_I5_337	GTTCTTCG
IDT8_i7_338	CGTACGAA	IDT8_I5_338	AGATACGG
IDT8_i7_339	TACCAGGA	IDT8_I5_339	GAGAGTAC
IDT8_i7_340	CGTCAATG	IDT8_I5_340	CCAACACT
IDT8_i7_341	GAAGAGGT	IDT8_I5_341	CAGGTTCA
IDT8_i7_342	GACGAATG	IDT8_I5_342	GTCCTTGA
IDT8_i7_343	AGGAGGAA	IDT8_I5_343	GTAAGCAC
IDT8_i7_344	CTTACAGC	IDT8_I5_344	AACACCAC
IDT8_i7_345	GAGATGTC	IDT8_I5_345	TAGTCAGC
IDT8_i7_346	TACGGTTG	IDT8_I5_346	AGTTCGCA
IDT8_i7_347	CTATCGCA	IDT8_I5_347	CGCGTATT
IDT8_i7_348	TCGAACCA	IDT8_I5_348	AACCGTGT
IDT8_i7_349	GAACGCTT	IDT8_I5_349	AAGTGCAG
IDT8_i7_350	CAGAATCG	IDT8_I5_350	CCAGTTGA
IDT8_i7_351	ATGGTTGC	IDT8_I5_351	AGCCAACT
IDT8_i7_352	GCTGGATT	IDT8_I5_352	CTAACCTG
IDT8_i7_353	GATGCACT	IDT8_I5_353	ACTGGTGT
IDT8_i7_354	ACCAATGC	IDT8_I5_354	GTGATCCA
IDT8_i7_355	GTCCTAAG	IDT8_I5_355	CGAAGTCA
IDT8_i7_356	CCGACTAT	IDT8_I5_356	TCAGACAC
IDT8_i7_357	TTGGTCTC	IDT8_I5_357	CCGTAACT
IDT8_i7_358	GCCTTGTT	IDT8_I5_358	AGCGAGAT
IDT8_i7_359	GATACTGG	IDT8_I5_359	GAACCTTC
IDT8_i7_360	ATTCGAGG	IDT8_I5_360	ACAAGCTC
IDT8_i7_361	GTCAGTTG	IDT8_I5_361	CGATTGGA
IDT8_i7_362	GTAGAGCA	IDT8_I5_362	TATGACCG
IDT8_i7_363	ACGTGATG	IDT8_I5_363	GATAGCCA
IDT8_i7_364	TAAGTGGC	IDT8_I5_364	ATCCGTTG
IDT8_i7_365	TGTGAAGC	IDT8_I5_365	TCTAGGAG
IDT8_i7_366	CATTCGGT	IDT8_I5_366	AATTCCGG
IDT8_i7_367	TTGGTGAG	IDT8_I5_367	CACGTCTA
IDT8_i7_368	CAGTTCTG	IDT8_I5_368	GTCAGTCA
IDT8_i7_369	AGGCTTCT	IDT8_I5_369	GAGCTCTA
IDT8_i7_370	GAATCGTG	IDT8_I5_370	TTCACGGA
IDT8_i7_371	ACCAGCTT	IDT8_I5_371	GTATCGAG
IDT8_i7_372	CTCATTGC	IDT8_I5_372	CAGGTAAG
IDT8_i7_373	CGATAGAG	IDT8_I5_373	TTCGCCAT
IDT8_i7_374	TGGAGAGT	IDT8_I5_374	AGGTAGGA
IDT8_i7_375	GTATGCTG	IDT8_I5_375	AACTGAGG
IDT8_i7_376	CTGGAGTA	IDT8_I5_376	CCAAGTAG
IDT8_i7_377	AATGCCTC	IDT8_I5_377	TGCTGTGA
IDT8_i7_378	TGAGGTGT	IDT8_I5_378	ACAACGTG
IDT8_i7_379	ACATTGCG	IDT8_I5_379	CTCGACTT
IDT8_i7_380	TCTCTAGG	IDT8_I5_380	ACGGTACA
IDT8_i7_381	CGCTAGTA	IDT8_I5_381	CTGATGAG
IDT8_i7_382	AATGGACG	IDT8_I5_382	GTGAGACT
IDT8_i7_383	GATAGCGA	IDT8_I5_383	CATCCAAG
IDT8_i7_384	CGACCATT	IDT8_I5_384	TGATAGGC
